Data,Ônibus 1,Ônibus 2,Partida,Destino,Início,Integração,Fim,Tempo total,Sentada 1,Sentada 2,Lotação 1,Lotação 2,Dia da semana,Rota,,,,,
,80,755,Casa,Centro de eventos,08:17:00,,09:19:00,62,,,,,,80 + 755,,,,,
,68,42,Centro de eventos,Casa,12:40:00,,13:53:00,73,,,,,,68 + 42,,,,,
03/06/2026,80,703,Casa,Centro de eventos,12:22:00,,13:37:00,75,Sim,,,,Quarta,80 + 703,,,,,
04/06/2026,80,755,Casa,IFCE,08:03:00,,08:48:00,45,Sim,,,,Quinta,80 + 755,,,,,
04/06/2026,75,,IFCE,Centro de eventos,12:44:00,,13:25:00,41,Sim,,Baixa,,Quinta,75,,,,,
06/06/2026,80,75,Casa,Centro de eventos,08:15:00,,09:12:00,57,Sim,,Baixa,,Sábado,80 + 75,,,,,
06/06/2026,41,42,Centro de eventos,Casa,12:50:00,,14:11:00,81,Sim,,Baixa,,Sábado,41 + 42,,,,,
08/06/2026,114,406,Casa,IFCE,08:13:00,,09:14:00,61,Sim,,Média,,Segunda,114 + 406,,,,,
08/06/2026,755,,IFCE,Centro de eventos,12:24:00,,12:50:00,26,Sim,,Baixa,,Segunda,755,,,,,
10/06/2026,70,,Casa,IFCE,07:43:00,,08:27:00,44,Sim,,Alta,,Quarta,70,,,,,
13/06/2026,42,712,Casa,Centro de eventos,08:34:00,,09:51:00,77,Sim,,Média,,Sábado,42 + 712,,,,,
13/06/2026,74,70,Centro de eventos,Casa,13:14:00,,14:23:00,69,Sim,Sim,Baixa,Baixa,Sábado,74 + 70,,,,,